Nombre,Dirección,Servicios
Crossfight,"C. Virgen de Fátima 12
                                , Sevilla","Kick-boxing, Gimnasio, Vestuarios"
Club Boxeo Mano de Piedra Mairena del Aljarafe,"Calle Zurbarán 42a
                                , Mairena del Aljarafe","Actividades dirigidas, Boxeo, Entrenamientos personalizados, Gimnasio, Bar-restaurante, Vestuarios"
Brooklyn Fitboxing Sevilla - Nervion,"Av. San Francisco Javier 20
                                , Sevilla","Step, Boxeo, Entrenamiento Funcional, Gimnasio, Vestuarios"
Impulso Trainning,"Calle Almadén de la Plata 14
                                , Sevilla","CrossFit, Fisioterapeuta deportivo, Servicio de nutrición y dietética, Gimnasio, Vestuarios"
Galaxy CrossFit,"Calle Nivel 14
                                , Sevilla","CrossFit, Entrenamientos personalizados, Gimnasio, Vestuarios, Tienda deportiva"
BodyWorks System Training Fitness,"C. Geología 105
                                , Sevilla","Servicio de nutrición y dietética, Entrenamientos personalizados, Gimnasio, Vestuarios"
Sano Sevilla Este,"Av. de las Ciencias 36
                                , Sevilla","Tonificación, Fisioterapeuta deportivo, Servicio de nutrición y dietética, Gimnasio, Vestuarios"
InMuv Torre Sevilla,", Sevilla","Fisioterapeuta deportivo, Servicio de nutrición y dietética, Pilates, Gimnasio, Vestuarios"
Sano Mairena Del Aljarafe,"Av. de las Civilizaciones 101
                                , Mairena del Aljarafe","Gimnasio, Vestuarios"
Entrenadora Personal Sevilla,"Plaza Aviador Ruiz de Alda
                                , Sevilla","Actividades dirigidas, HIIT, Pilates, Gimnasio, Vestuarios"
Personal Gym,"Calle Alcalá y Ortí 11
                                , Alcalá de Guadaíra","Entrenamientos personalizados, Gimnasio, Aparcamiento, Vestuarios"
Crossfit Montequinto,"C. Vía Apia 33
                                , Dos Hermanas","CrossFit, Step, Gimnasio, Vestuarios"
Entrenador Personal y Nutrición Carlos del Pino Profitness,"Av. Mariana de Pineda 52
                                , Mairena del Aljarafe","Tonificación, Fisioterapeuta deportivo, Servicio de nutrición y dietética, Gimnasio, Vestuarios"
M3fitness,"Calle Rosa nº 4
                                , Camas","Boxeo, Pilates, Zumba, Gimnasio, Vestuarios, Sala de spinning"
CrossFit® Viapol,"C. Balbino Marrón 8
                                , Sevilla","CrossFit, Actividades dirigidas, Zumba, Gimnasio, Vestuarios"
CrossFit Sevilla,"Av. Santa Clara de Cuba 12
                                , Sevilla","CrossFit, Gimnasio, Vestuarios"
PHYSIC PERSONAL TRAINER,"Calle Jiménez Aranda 19
                                , Sevilla","Servicio de nutrición y dietética, Pilates, Entrenamientos personalizados, Gimnasio, Vestuarios"
Cubofit Sevilla,"Av. Santiago Montoto
                                , Sevilla","Entrenamiento Funcional, Gimnasio, Vestuarios"
Entrena2 Fitness club,"Calle Andrés Martínez León 1
                                , Sevilla",Gimnasio
Escuela Boxeo JR Andrades,"Calle Gavia del Gitano
                                , Camas","Boxeo, Gimnasio"
Gimnasio en Sevilla Century Fitness,"Av. Alcalde Manuel del Valle 50
                                , Sevilla","Fisioterapeuta deportivo, Servicio de nutrición y dietética, Boxeo, Gimnasio"
Capacity Fisioterapia y Entrenamiento personal en sevilla,"Módulo 29
                                , Sevilla","Fisioterapeuta deportivo, Entrenamientos personalizados, Gimnasio"
Gimnasio Olympus Olivares,"Calle los Girasoles 3
                                , Olivares","Gimnasio, Sala de spinning"
FABRIK Fitness Experience,"Av. de la Industria s/n
                                , Gines",Gimnasio
Ensa Athletic Center Gines,"Av. de la Industria s/n
                                , Gines",Gimnasio
élitefit,"Calle Benito Pérez Galdós 12
                                , La Rinconada","Zumba, Gimnasio"
Entrenat,"Calle Mamá Margarita 11
                                , Sevilla","Servicio de nutrición y dietética, Gimnasio"
Sport Balance - Entrenador Personal y Electroestimulación,", Gines","Entrenamientos personalizados, Gimnasio"
Gimnasio y Clínica Deportiva Credus,"Calle Japón 6
                                , Sevilla","Fisioterapeuta deportivo, Gimnasio"
Micoach Fitness Club,"Calle Manufactura 7
                                , Mairena del Aljarafe",Gimnasio
preparador fisico oposiciones jose parejo,"Calle Dr. Laffon Soto S/N
                                , Sevilla","Entrenamientos personalizados, Gimnasio, Aparcamiento"
Sano Tomares,"Glorieta el Garrotal
                                , Tomares","Entrenamientos personalizados, Gimnasio"
"Therapy Fit - Entrenamiento Personal, Electroestimulación & Osteopatía",", Tomares","Servicio de nutrición y dietética, Entrenamientos personalizados, Gimnasio"
QUINE SALUD,"Calle Salado 6B
                                , Sevilla","Fisioterapeuta deportivo, Servicio de nutrición y dietética, Entrenamientos personalizados, Gimnasio"
NUON SPORT - Fisioterapia y Entrenamiento personal,"Calle Marques del Nervion 10
                                , Sevilla","Fisioterapeuta deportivo, Entrenamientos personalizados, Gimnasio"
"SPORTPLUS CENTER Entrenamiento personal, fisioterapia y rehabilitación","Edificio FITIN 9A
                                , Mairena del Aljarafe","Fisioterapeuta deportivo, Entrenamientos personalizados, Gimnasio"
"Entrenamiento Personal, Nutrición y Neuroeducación DESENTRÉNATE",", Dos Hermanas","Servicio de nutrición y dietética, Entrenamientos personalizados, Gimnasio"
Entrenamiento personal y clínica Credus,"Calle Felipe II número 2
                                , Sevilla","Fisioterapeuta deportivo, Entrenamientos personalizados, Gimnasio"
FLAME ENTRENAMIENTO,"Calle Estrasburgo 2
                                , Sevilla","Entrenamientos personalizados, Gimnasio"
Hipopresivos Sevilla,"Calle Duque Cornejo
                                , Sevilla","Hipopresivos, Gimnasio"
Fit Balance,"Plaza Aviador Ruiz de Alda 7
                                , Sevilla",Gimnasio
entrenadorpersonaljuan,", Sevilla",Gimnasio
XTRAINING by Daniel Salgueiro,"Av. de Alemania 23
                                , Sevilla","Entrenamientos personalizados, Gimnasio"
Sano Sevilla Los Bermejales,"Av Paseo de Europa 31
                                , Sevilla",Gimnasio
Javier Fernández Centro de Entrenamiento Personal,"Calle Trovador 3
                                , Sevilla","Entrenamientos personalizados, Gimnasio"
GIRO 180 grados Entrenamiento Personal Sevilla,"Calle Astronomía 1
                                , Sevilla","Entrenamientos personalizados, Gimnasio"
ROOMT Fitness Studio,"Calle Padre Méndez Casariego 26
                                , Sevilla","Entrenamientos personalizados, Gimnasio, Sala HBX"
Brooklyn Energy Entrenador personal Sevilla,"Calle Navarra 73
                                , Mairena del Aljarafe","Servicio de nutrición y dietética, Entrenamientos personalizados, Gimnasio"
Entrenador Personal Sevilla . Abel Fernández .,", Sevilla",Gimnasio
Health & Fitness - Electroestimulación y Entrenador Personal en Sevilla,"Calle Juan Antonio Cavestany 14
                                , Sevilla","Entrenamientos personalizados, Gimnasio"
Entrenador Personal Sevilla Nuria Barrios,"Paseo Alcalde Marqués del Contadero s/n
                                , Sevilla",Gimnasio
"JT TRAINER HEALTH CLUB. Centro de entrenamiento personal en Sevilla. Servicios de: entrenador personal, nutrición deportiva y fisioterapia.","Calle Virgen de la Presentación
                                , Sevilla","Fisioterapeuta deportivo, Servicio de nutrición y dietética, Entrenamientos personalizados, Gimnasio"
Entrenamiento Personal Tomares Aljarafe - ActitudFit,"Glorieta Anibal Gonzalez
                                , Tomares","Entrenamientos personalizados, Gimnasio"
VIDACTIVA,"Calle Cdad. de Potosí 2
                                , Tocina",Gimnasio
Capsule Box,"Calle la Industria 22
                                , Sevilla","CrossFit, Gimnasio"
Itálica Sport Gym,", Santiponce",Gimnasio
Fitness Sport Hidalgo,"Calle Alfarería 4
                                , Coria del Río",Gimnasio
Manos al deporte,"Calle Comercio 86
                                , La Puebla del Río",Gimnasio
Ensa Sport Entrenamiento Personal,"Av. de la Industria s/n
                                , Gines","Entrenamientos personalizados, Gimnasio"
Abdul Fit Gym - Centro Alto Rendimiento Deportivo,"Calle Severo Ochoa 11
                                , Estepa","Servicio de nutrición y dietética, Step, Boxeo, Gimnasio"
Evolution Fitness Center,"Av. de Andalucía 98
                                , Estepa",Gimnasio
Armenia Sport,"Calle Tulipán 18
                                , La Rinconada",Gimnasio
GIMNASIO ALCALA-KIM,"Av. de Andalucía 105
                                , Alcalá del Río","CrossFit, Defensa Personal, Pilates, Gimnasio"
Gimnasio Kobukson,"Calle los Palmeros 10
                                , Burguillos",Gimnasio
CROSSBARZZ,"Calle Talabarteros 6
                                , Osuna",Gimnasio
Osuna Fitness,", Osuna",Gimnasio
Lowgim Marchena,"Travesía San Ignacio 39
                                , Marchena",Gimnasio
Padel Indoor Las Cabezas Amaluz,"Av. Pablo Iglesias 70
                                , Las Cabezas de San Juan","Pistas de pádel, Gimnasio"
ACTIVA-T FITNESS & HEALTH,"Calle Blas Infante Nº 5
                                , Las Cabezas de San Juan",Gimnasio
LATE Centro de Entrenamiento,"Calle Manuel Millares s/n
                                , La Algaba","Actividades dirigidas, Entrenamientos personalizados, Gimnasio"
Trajano Box Training,"Calle Carpinteros 25
                                , La Algaba","Servicio de nutrición y dietética, Cross Training, Entrenamientos personalizados, Gimnasio"
GYM THOR SPORT,"Av. del Comercio 3
                                , Olivares",Gimnasio
SungLi Doyang. La Escuela de Artes Marciales de Espartinas,"Calle Solano 1
                                , Espartinas",Gimnasio
Club de Fuerza Coliseo,"Calle Maestro Navarro 6
                                , El Viso del Alcor","Body Pump, Entrenamiento Funcional, Gimnasio"
Tony center,"Calle Electricistas 1
                                , El Viso del Alcor","Pilates, Gimnasio"
Alkores Fight Club,"Av. República de Nicaragua 24
                                , El Viso del Alcor","Servicio de nutrición y dietética, Gimnasio"
Gimnasio Aerogym,"Calle Jerez 8
                                , El Viso del Alcor",Gimnasio
Padel Fitness Center Marchena,"Calle Albañilería 1
                                , Marchena","Pistas de pádel, Gimnasio"
centro deportivo fitness,"Antigua Calle de Carmona 30
                                , Paradas",Gimnasio
RoSalud Fitness,"Av. Clara Campoamor 6
                                , San Juan de Aznalfarache","Hipopresivos, Gimnasio"
Gimnasio Municipal de Mairena del Alcor,"Av. Vereda de San Agustín s/n
                                , Mairena del Alcor",Gimnasio
Crossfit Vaskia,"Calle B 28
                                , Gines","CrossFit, Gimnasio"
CrossFit SVQ,"Calle Hacienda Buena Vista 3
                                , Bormujos","CrossFit, Gimnasio"
Mufit - Entrenamiento Personal y Nutrición en Tomares,"Mod: 10
                                , Tomares","Fisioterapeuta deportivo, Servicio de nutrición y dietética, Entrenamientos personalizados, Gimnasio"
Escuela De Taekwondo Aljamar,"Calle Mascareta 51
                                , Tomares",Gimnasio
HETRA Entrenamiento Tomares,"Calle Navarro Caro 95
                                , Tomares",Gimnasio
MB Fitness,"Calle Rosa
                                , Camas","Actividades dirigidas, Gimnasio"
Electrofitness Pro,"Av. de las Civilizaciones 101
                                , Mairena del Aljarafe",Gimnasio
TAOWS University Aljarafe,"Carr. Almensilla Bollullos 32
                                , Mairena del Aljarafe","Defensa Personal, Entrenamiento Funcional, Gimnasio"
CrossFit Rookie's Box,"Calle Brújula 9
                                , Mairena del Aljarafe","CrossFit, Gimnasio"
Indra Crossfit,"Calle Comercio
                                , Mairena del Aljarafe","CrossFit, Gimnasio"
Ader CrossFit,"Calle de Narciso Monturiol nave 11
                                , La Rinconada","CrossFit, Gimnasio"
Atenea Sport,"Calle del Mocho 51
                                , La Rinconada",Gimnasio
Body Design San José RDA,"Calle Cultura 30
                                , La Rinconada","Entrenamientos personalizados, Gimnasio"
Factory Sport Gym,"Calle Averroes 1
                                , Alcalá de Guadaíra","Fisioterapeuta deportivo, Gimnasio"
Gimnasio Juan Sánchez,"Calle San Sebastián 3
                                , Los Palacios y Villafranca",Gimnasio
MOVE BARBELL CLUB,"Calle Trabajo N7
                                , Utrera",Gimnasio
Obushi Fitness Club,"Calle Alfareros 8
                                , Utrera",Gimnasio
No limits sport - Centro de entrenamiento personal,"Av. María Auxiliadora 114
                                , Utrera","Entrenamientos personalizados, Gimnasio"
Gym Ellas.,"Calle Real 7
                                , Utrera",Gimnasio
Sport ON,"Calle Duquesa de Talavera 41
                                , Alcalá de Guadaíra","Entrenamientos personalizados, Gimnasio"
Cross Center - Crossfit,"Terral 23
                                , Dos Hermanas","CrossFit, Gimnasio"
Bodymaster,"Av. Cristobal Colon 59
                                , Dos Hermanas",Gimnasio
MAXFIT,"Calle Almendro 15
                                , Dos Hermanas",Gimnasio
afg womanFIT,"Calle Sierra de Gata nº 27
                                , Dos Hermanas",Gimnasio
B2B BOX DOS HERMANAS,"Calle Rellenadora 3
                                , Dos Hermanas","CrossFit, Gimnasio"
CrossFit Dos Hermanas,"Sierra de Gata 21
                                , Dos Hermanas","CrossFit, Yoga, Gimnasio"
sportgym Boxeo,"Av. San Juan de la Salle 28
                                , Sevilla","Boxeo, Gimnasio"
Giralda CrossFit,"Calle Calamina 2
                                , Sevilla","CrossFit, Servicio de nutrición y dietética, Gimnasio, Vestuarios"
Crossfit La Forja,"Estadio Olimpico de la Cartuja Puerta E
                                , Sevilla","CrossFit, Gimnasio"
Bodysolution Training & Beauty,"Calle Rosario 5
                                , Sevilla","Entrenamientos personalizados, Gimnasio"
Curves Los Bermejales,"Calle Gante 1
                                , Sevilla","TRX, Gimnasio"
Carlos Cabello Fitness,"Calle Química
                                , Sevilla",Gimnasio
Supera Fitness Nervión,"Calle Carlos de Cepeda 2
                                , Sevilla",Gimnasio
Club de Boxeo Pitbull Team,"C. Plutonio 4
                                , Sevilla","Boxeo, Gimnasio"
KORA BOX -Breathe & Train-,"C. Mimbre Nave 8
                                , Coria del Río",Gimnasio
Rio Livre Box,"C. San Fernando 19
                                , Sevilla","CrossFit, Gimnasio"
MoMA CrossFit,"C. Gramil 12
                                , Sevilla","CrossFit, Cross Training, Entrenamiento Funcional, Gimnasio"
Elige Pilates,"C. Padre Luque 1
                                , Sevilla","Pilates, Yoga, Gimnasio"
Studio 83 Pole & Aéreos Sevilla,"Av. Ingeniería nº 9
                                , Sevilla",Gimnasio
Kaká Boxing Club,", Sevilla","Boxeo, Gimnasio"
Halaluna,"C. San Hermenegildo 2
                                , Sevilla","Danza oriental, Gimnasio"
Brooklyn Fitboxing LOS REMEDIOS,"C. Niebla 12
                                , Sevilla","Boxeo, Entrenamiento Funcional, Gimnasio"
B&B Gym Boutique,"C. Duque de Rivas 1
                                , Sevilla","Servicio de nutrición y dietética, Pilates, Yoga, Gimnasio"
AGGA Energy,", Sevilla","Zumba, Yoga, Gimnasio"
Shushu Pole Fitness,"C. Pirita 3
                                , Sevilla",Gimnasio
PaddleBoard Sevilla,", Sevilla",Gimnasio
Club tenis rio grande,"C. Fuenteclara 54
                                , Mairena del Aljarafe","Pistas de tenis, Pistas de pádel, Campos de fútbol, Piscina, Gimnasio"
Namaskar Yoga y Pilates,", Bormujos","Pilates, Yoga, Entrenamientos personalizados, Gimnasio"
ESCUELA NS TENIS SEVILLA,"Calle la Salud
                                , Sevilla","Clases de tenis, Gimnasio"
Boxeosuarez,"C. Virgen de Covadonga
                                , Dos Hermanas","Boxeo, Gimnasio"
El Klub de la lucha,"Terral 8
                                , Dos Hermanas",Gimnasio
Club Boxeo Dos Hermanas,"Calle Pintor Amalio G. del Moral 23
                                , Dos Hermanas","Boxeo, Gimnasio"
Lilãyati Yoga,"Av. Juan Pablo II s/n
                                , Olivares","Yoga, Gimnasio"
Gimnasio Alcides,"C. Barrera de San Gregorio 4
                                , Écija",Gimnasio
"Mufit 2 - Entrenamiento, nutrición y fisioterapia","Av. del Olivar 21
                                , Tomares","Fisioterapeuta deportivo, Servicio de nutrición y dietética, Entrenamientos personalizados, Gimnasio"
Yoga Loft Tomares,"Av. Blas Infante 1
                                , Tomares","Yoga, Gimnasio"
Club de Tenis Manolo Cabeza,", Los Palacios y Villafranca","Clases de pádel, Actividades dirigidas, Pistas de pádel, Gimnasio"
Pilates personal,"C. Murillo 11
                                , La Algaba","Pilates, Entrenamientos personalizados, Gimnasio"
INSSAI CENTRO DE YOGA,"Av. de Europa 72
                                , Gines","Yoga, Gimnasio"
Commonyoga,"Plaza Virgen de Roncesvalles 2
                                , Bollullos de la Mitación","Yoga, Gimnasio"
Gimnasio Gala,"Calle Dra. Doña Ana María Álvarez Silván 6
                                , Sanlúcar la Mayor",Gimnasio
C. D. Boxeo Mairena,"Av. Vereda de San Agustín número 33
                                , Mairena del Alcor","Boxeo, Gimnasio"
Clínica Salas Lluch,"Av. Palomares 100
                                , Coria del Río","Fisioterapeuta deportivo, Gimnasio, Sala HBX"
La V de Pilates,"C. Marismas 36
                                , La Puebla del Río","Pilates, Gimnasio"
Aerialdreams,"C. Trastámara 31
                                , Sevilla",Gimnasio
Centrovitas Yogashala,"C. Clarín
                                , Bollullos de la Mitación","Actividades dirigidas, Yoga, Hipopresivos, Gimnasio"
SMONKER TEAM,"C. Arrieros 4
                                , Écija",Gimnasio
Club Deportivo Simón Verde Family sport center,", Gelves","Actividades dirigidas, Gimnasio, Sala Fitness"
Gimnasio SDUPO,", Dos Hermanas","Actividades dirigidas, Gimnasio"
Box 909,"C. Carpinteros 20
                                , Valencina de la Concepción","Cross Training, Gimnasio"
Mugiwara Crossfit,"C. Siroco 29
                                , Dos Hermanas","CrossFit, Servicio de nutrición y dietética, Gimnasio"
Morón Fitness Center,"C. Gutemberg 2
                                , Morón de la Frontera",Gimnasio
Cross Reindeer,"C. Rotativa Numero 9
                                , Morón de la Frontera","CrossFit, Gimnasio"
CURVES TRIANA 41010,"C. Alfarería 136
                                , Sevilla",Gimnasio
DTD crossfit,"C. Thomas Edison 4
                                , La Rinconada","CrossFit, Gimnasio"
La Jungla Workout,"C. Uranio 12
                                , Sevilla",Gimnasio
Sala 17 Dance & Fitness Center,"C. Balbino Marrón 6
                                , Sevilla","CrossFit, Actividades dirigidas, Zumba, Gimnasio"
CFS Box Sevilla,"C. Pino Siberia 9
                                , Sevilla","Entrenamientos personalizados, Entrenamiento Funcional, Gimnasio"
BUSHIDO coria Del Río,"Calle Gran Avenida 39
                                , Coria del Río","Entrenamientos personalizados, Gimnasio"
Gimnasio Seul Pilas,"Calle Bodegas 14
                                , Pilas",Gimnasio
Planet Gym Sport (Pilas),"Av. el Aljarafe 35
                                , Pilas","Entrenamientos personalizados, Gimnasio"
Siluette Woman Gimnasio femenino,"Calle Martínez Montañés 2
                                , Santiponce",Gimnasio
MOVELAB,"Calle Salado 24
                                , Sevilla","Fisioterapeuta deportivo, Entrenamientos personalizados, Gimnasio"
Club Boxeo Utrera,"Calle Cristo de los Afligidos 33
                                , Utrera","Boxeo, Gimnasio"
Factor Fitness,"Calle Paradas
                                , Arahal",Gimnasio
Aire Fit Sevilla,", Sevilla","HIIT, Entrenamientos personalizados, Gimnasio, Vestuarios, Tienda deportiva"
Box 300,"Calle Nueva 121
                                , Los Palacios y Villafranca",Gimnasio
Gimnasio Olimpo S.C.,"Calle Antonio Álvarez Aguilar 70
                                , Lebrija",Gimnasio
"QUINESALUD Entrenamiento Personal, Nutrición y Fisioterapia.",", Sevilla","Fisioterapeuta deportivo, Servicio de nutrición y dietética, Pilates, Gimnasio"
Toca Sport Guillena,"Calle Arantxa Sánchez Vicario 1
                                , Guillena","Actividades dirigidas, Spinning, Gimnasio"
Escuela de pilates y movimiento,"Calle Real n° 39
                                , Gelves","Pilates, Gimnasio"
KG Fit,"Calle Sosa 6
                                , Osuna","Piscina, Gimnasio"
Club De Escalada Arahal,"Calle Algeciras 10
                                , Arahal",Gimnasio
Atenas Training Center,"Calle Macenas 32
                                , Lebrija",Gimnasio
Gimnasio Live's Fitness,"Av. José María Tomasetti 33
                                , Lebrija","Servicio de nutrición y dietética, Gimnasio"
Pilates Studio Sevilla,"Calle Comercio 8
                                , Mairena del Aljarafe","Pilates, Gimnasio"
Bronze Cross Box,"Plaza De Las Naciones 14
                                , Mairena del Aljarafe","Gimnasio, Vestuarios"
Body Perfect,"Calle Andalucía 56
                                , La Rinconada",Gimnasio
CUORE FITNESS,"Calle Constitución 17
                                , Los Palacios y Villafranca",Gimnasio
Corpore,"Av. de los Palacios 14
                                , Utrera","Entrenamientos personalizados, Gimnasio"
Sano Dos Hermanas,"Av. los Pirralos 35
                                , Dos Hermanas","Entrenamientos personalizados, Gimnasio"
Esenzia Pilates,"Alameda de Sta. Eufemia 24
                                , Tomares","Pilates, Gimnasio"
MAS Pilates Center,"C. Arcos 46
                                , Lebrija","Tonificación, Pilates, Gimnasio"
Club Deportivo El Gato - Escuela de Artes Marciales y Centro de Pilates y Yoga,"C. Gordales Nave 2-2
                                , Bormujos","Defensa Personal, Pilates, Yoga, Gimnasio"
TotalFitness,"Poligono Saur 25
                                , La Campana",Gimnasio
Gimnasio Body Master,"Av. Cristobal Colon 51
                                , Dos Hermanas",Gimnasio
Ntra Sra Del Carmen Panificadora Moderna Gimnasio,"Calle Vía Marciala 33
                                , Utrera",Gimnasio
CENTRO DE YOGA NATURA EN TOMARES,", Tomares","Yoga, Gimnasio"
Campo Castilleja,"Av. Antonio Mairena 3
                                , Castilleja de la Cuesta",Gimnasio
AquaFit Wellness Center,"Camino el Chato 15
                                , Brenes",Gimnasio
GOLD CENTER FITNESS,"Av. de Gines 14
                                , Bollullos de la Mitación",Gimnasio
Gimnasio Alcaria,"Calle Juncales 4
                                , La Puebla del Río",Gimnasio
Polideportivo Municipal Mascareta O Rocódromo,"Av. del Aljarafe 1D
                                , Tomares","Piscina, Gimnasio"
HETRA Entrenamiento,"Calle Pablo Picasso 11
                                , La Algaba",Gimnasio
YTÍNERE,"Calle Nueva 39
                                , Mairena del Aljarafe","Entrenamientos personalizados, Gimnasio"
Gimnasio Physio,"Calle Castilla 6
                                , Utrera",Gimnasio
Spartan Classic Crosstraining Center,"C. Umbrete 25
                                , Palomares del Río","Cross Training, Gimnasio"
CrossFit Kamikaze,"Av. de El Viso del Alcor
                                , El Viso del Alcor","CrossFit, Gimnasio, Aparcamiento"
Tenis de mesa Gines,", Gines",Gimnasio
zona10 zumba studio & fitness,"Av. las Doblas 15
                                , Sanlúcar la Mayor","Zumba, Gimnasio"
Atai Sport Club,"Av. del Barrerillo S/N
                                , Bormujos","Actividades dirigidas, Boxeo, GAP, Gimnasio"
BrenSport,"Calle Genil 55B
                                , Arahal",Gimnasio
Up Centro Deportivo,"Ctra. el Rubio 775
                                , Estepa",Gimnasio
Revolution Physique - Centro de Entrenamiento Personal,"Calle Marques del Nervion 32
                                , Sevilla","Entrenamientos personalizados, Gimnasio"
ROOMT Fitness Studio Mairena,"Calle Manufactura 13R
                                , Mairena del Aljarafe",Gimnasio
Víctor Yubero | Entrenador Personal Sevilla,"Calle Juan Sebastián Elcano 0
                                , Sevilla",Gimnasio
Golden Fitness,"C/ Asunción 69
                                , Sevilla","Fisioterapeuta deportivo, Actividades dirigidas, Entrenamientos personalizados, Gimnasio"
Yoga para tod@s,"Calle Almería 13
                                , Gelves","Yoga, Gimnasio"
All Star Box,"Calle Isaac Peral 5
                                , Sanlúcar la Mayor","CrossFit, Gimnasio"
ZorroFit,"Calle Carmen Amaya 2
                                , El Viso del Alcor",Gimnasio
La Zona,"Calle Juan Domínguez 34
                                , Utrera",Gimnasio
Club Centro Deportivo TRIANA,"Pelay Correa 48A
                                , Sevilla",Gimnasio
P-Zaudin,"Av. Jazmines 1D
                                , Bormujos",Gimnasio
Sat Yoga,", Tomares","Yoga, Gimnasio"
Baloncesto,"C. Tirso de Molina
                                , Dos Hermanas",Gimnasio
Formasport,"Av. de los Descubrimientos 42-43
                                , Mairena del Aljarafe",Gimnasio
Body Design Carmona,"Calle Real 10
                                , Carmona",Gimnasio
Rocodromo Utrera,"Calle Junquillo 4
                                , Utrera",Gimnasio
Puerta Sur del Estadio,"Zona Isla de la Cartuja 22
                                , Santiponce","Gimnasio, Aparcamiento"
VIOGEN'16,"Zona Isla de la Cartuja 22
                                , Santiponce",Gimnasio
New Era,"Av. San José 17
                                , Gines",Gimnasio
H2Sports Brenes,", Brenes",Gimnasio
C.D ATLETICO VISO,"Av. de las Tinajas
                                , El Viso del Alcor",Gimnasio
CROSS CENTER DH,"Terral N22
                                , Dos Hermanas",Gimnasio
Crossfit Ozaru,"C. Lirio 1
                                , Valencina de la Concepción","CrossFit, Gimnasio"
Gimnasio Sevilla Trainers,"C. Diego de la Barrera 16
                                , Sevilla",Gimnasio
Proyecto Natura,"C. Navarro Caro 93
                                , Tomares","Yoga, Gimnasio"
Polideportivo Municipal Ceferino Gil Arenas,"Barriada El Pilar
                                , Carrión de los Céspedes","Campos de fútbol, Gimnasio"
MCGYM,"Calle Ntra. Sra. de los Dolores 4
                                , Coria del Río","Pilates, Zumba, Yoga, Gimnasio"
Vito Sport,"C. Andalucia 4
                                , Huévar del Aljarafe",Gimnasio
Gimnasio Cagancho,"Calle Evangelista 21-23
                                , Sevilla",Gimnasio
GYM EN FORMA (SATORI JUJUTSU) ESCUELA DE JUJUTSU),"Calle Haendel 13
                                , Arahal",Gimnasio
piscina bollullos,"Cam. Real 27
                                , Bollullos de la Mitación","Piscina, Gimnasio"
Setema Gym,"C. Alfarería
                                , Guillena",Gimnasio
Centro Deportivo San José de la Rinconada,"A-8004
                                , La Rinconada",Gimnasio
Piscina Cubierta Las Cabezas,"Calle Barrio Nuevo 11
                                , Las Cabezas de San Juan","Piscina, Gimnasio"
STREET WORKOUT CALISTENIA GINES,", Gines",Gimnasio
Sergio Entrenador,"Calle Antonio Montes
                                , Sevilla",Gimnasio
Neobalance,"Av. de la Buhaira 18
                                , Sevilla",Gimnasio
KARATE WADOKAN DOS HERMANAS,"C. Esperanza
                                , Dos Hermanas",Gimnasio
Escuela Kwon Lebrija,"Calle Alonso Cano 35
                                , Lebrija",Gimnasio
Sala FitTrainer JCJ,"Carr. Puente Genil 66
                                , Herrera",Gimnasio
Planet Gym Sport Tomares,"Av. del Aljarafe 14
                                , Tomares",Gimnasio
New Fitness Airesur,", Castilleja de la Cuesta","CrossFit, Servicio de nutrición y dietética, Actividades dirigidas, Gimnasio, Vestuarios"
FIGHTLAND SEVILLA,"Calle Dr. Antonio Cortés Lladó 2
                                , Sevilla","Boxeo, Gimnasio, Vestuarios"
Feel CrossFit,"Calle A 14
                                , Sevilla","CrossFit, Gimnasio, Vestuarios"
C.D My Bóxer Team,"C/ Quejío número 15
                                , Sevilla","Boxeo, Gimnasio, Vestuarios"
La Colmena CrossFit,"Calle Escarpia
                                , Sevilla","CrossFit, Gimnasio, Vestuarios"
CrossFit RockHeart,"Rda. de Cabeza Hermosa 40
                                , Alcalá de Guadaíra","CrossFit, Gimnasio, Vestuarios"
Intelligent Training,"Av. de Alemania 5
                                , Sevilla","Tonificación, Entrenamientos personalizados, Gimnasio, Vestuarios"
Esteban Gym,"Calle Alfonso Lasso de la Vega 11
                                , Sevilla",Gimnasio
Gimnasio Family Gym,"Calle Juan Núñez 4
                                , Sevilla","Boxeo, Gimnasio"
Kidokan Dojo - Artes Marciales Sevilla,", Sevilla","Defensa Personal, Gimnasio, Vestuarios"
Club José Antonio 2,"C. las ONG 1
                                , Sevilla",Gimnasio
Gimnasio All Sport,"Calle Romero 7
                                , Santiponce",Gimnasio
Fasa Renault-Grupo de Empresa,"C. de la Cañada
                                , Gines","Pistas de pádel, Piscina, Gimnasio, Bar-restaurante"
Gym Studio 6,"C. Jazmineras nº3
                                , Sevilla","Gimnasio, Vestuarios"
Indian CrossFit,"Calle Federico García Lorca 6
                                , Castilleja de la Cuesta","CrossFit, Gimnasio, Vestuarios"
Brooklyn Fitboxing Sevilla - Este,"Calle Eufrates 8
                                , Sevilla","Step, Boxeo, Entrenamiento Funcional, Gimnasio, Vestuarios"
Sano Sevilla Nervión,"Av. Eduardo Dato 27
                                , Sevilla","Tonificación, Fisioterapeuta deportivo, Servicio de nutrición y dietética, Gimnasio, Vestuarios"
Gym Francés,"Calle Siroco 9
                                , Dos Hermanas","Gimnasio, Vestuarios"
Crossfit Macarena box,"Calle María Auxiliadora 18E
                                , Sevilla","CrossFit, Gimnasio, Vestuarios"
Gym El Músculo,"Calle Juan Pablo II 7
                                , Espartinas",Gimnasio
Training For Gold,"Calle Castelar 2
                                , Sevilla","Fisioterapeuta deportivo, Servicio de nutrición y dietética, Step, Campos de fútbol, Piscina, Gimnasio, Vestuarios"
Gimnasio jose Coello,"Calle Trafalgar 75
                                , San Juan de Aznalfarache","Defensa Personal, Step, Gimnasio, Vestuarios"
Bodyclub Sevilla Este,"C. Cueva de Menga 1
                                , Sevilla","Entrenamientos personalizados, Gimnasio, Vestuarios"
Gimnasio Zade,"Calle Dr. Isidoro Páez 3
                                , Camas","Gimnasio, Vestuarios"
Lorgavisport,"Plaza Suz Pp10 la Zarza Cord 2-16
                                , Palomares del Río",Gimnasio
Polideportivo de Brenes,"Calle el Juncal nº 7
                                , Brenes",Gimnasio
Natur Sport,"Calle Formentor 21
                                , Camas","CrossFit, Spinning, Zumba, Gimnasio"
Gimnasio Laocoonte,"Calle Charolistas
                                , Sevilla","Actividades dirigidas, Spinning, Zumba, Gimnasio"
Mecalazo Sport,"Calle Jacinto 2-A
                                , Valencina de la Concepción",Gimnasio
Escuela Del Agua,"C. Marinero Sebastián Ortiz 0
                                , Gelves","Escuela de natación, Piscina, Gimnasio, Vestuarios"
Balance Sport Clinic,"Plaza De Cuba 9
                                , Sevilla","Fisioterapeuta deportivo, Gimnasio"
TocaSport Villaverde,"Av del Convento 54
                                , Villaverde del Río","CrossFit, Aerobic, Spinning, Pistas de pádel, Gimnasio, Aparcamiento, Sala de spinning"
Gimnasio Cultur Sport,"Av. Pintor Ocaña 43
                                , Cantillana","Entrenamientos personalizados, Gimnasio"
KIMOCHI DOJO,"Calle Hermanos Álvarez Quintero 61
                                , Brenes",Gimnasio
"Taekwondo, Escuela de Artes Marciales El Viso Del Alcor","Calle Corredera 347
                                , El Viso del Alcor",Gimnasio
WFitzone,"Calle Prosperidad 3
                                , Gelves","Actividades dirigidas, Gimnasio, Aparcamiento, Vestuarios"
Gimnasio areafit,", Sevilla",Gimnasio
Monroy Gym,"Calle Julián de Galo 17
                                , Mairena del Alcor",Gimnasio
NANA-GYM,"Calle Rigoberta Menchú 6
                                , Los Palacios y Villafranca",Gimnasio
ALMAZARA CLUB,"Calle Mayorales 2
                                , Utrera","Servicio de taquillas, Pistas de pádel, Piscina, Gimnasio, Bar-restaurante, Vestuarios"
Club Gimmnasio Millan,"Calle Salvador Dalí 9
                                , Utrera",Gimnasio
ON Sport & Wellness,", Utrera",Gimnasio
Pako's Gym,"Calle Esperanza 29
                                , Dos Hermanas","Yoga, Gimnasio"
BOXING CLUB SAN JOSE,"C. Isaac Newton 19
                                , La Rinconada","Boxeo, Gimnasio"
Club Antares,"C/ Gonzalo Jimenez de Quesada 2
                                , Sevilla",Gimnasio
Padel Manias,"C. Cueva Peñarrubia 33
                                , Casariche","Pistas de pádel, Gimnasio"
Padel Now,"C. Juan Ramón Jiménez 16
                                , Gerena","Pistas de pádel, Gimnasio"
K-Nutrition,"Sierra de Calvitero 28
                                , Dos Hermanas","Actividades dirigidas, Gimnasio"
Centro Deportivo Polígono Sur,"C. Reina de la Paz s/n
                                , Sevilla","Pistas de pádel, Gimnasio, Aparcamiento, Vestuarios"
Pistas Zona Centro Camas,"C. de Joaquín Camino 2
                                , Camas","Gimnasio, Aparcamiento"
Polideportivo Municipal El Pedroso,", El Pedroso","Piscina, Gimnasio, Bar-restaurante"
La Magia Del Pádel,"C. Albañil 2I
                                , Coria del Río","Pistas de pádel, Gimnasio"
Piscina Municipal Alcala Guadira,"C. José Ortega y Gasset 1
                                , Alcalá de Guadaíra","Piscina, Gimnasio"
Piscina Montequinto,"C. Arona 2
                                , Dos Hermanas","Escuela de natación, Piscina, Gimnasio"
"Centro Deportivo La Unión-La Oliva ""Pepe Mula""","Ronda Ntra. Sra. de la Oliva
                                , Sevilla",Gimnasio
TM Fitness Studio,"C. Luis Contreras 7
                                , Alcalá de Guadaíra","Zumba, Gimnasio"
Estadio Antonio Almendro (Castilleja),"C. Camino del Solís 7
                                , Castilleja de la Cuesta",Gimnasio
Piscina Cubierta Municipal,"Av. de Andalucía s/n
                                , Constantina","Piscina, Gimnasio"
Sportres,"Camino Salteras 10
                                , Espartinas",Gimnasio
Funcional Sport Center,"Calle Madre de Dios 30
                                , Marchena",Gimnasio
"Gimnasio Municipal ""Kaelia""","Ronda de Andalucia
                                , Albaida del Aljarafe",Gimnasio
Luis Manuel Maldonado Entrenador Personal,"Calle Tomás Pérez
                                , Sevilla",Gimnasio
Club de Petanca Joselito el Gallo,", Gelves",Gimnasio
Toca Sport Cantillana,"Calle Ctra. de Lora 33
                                , Cantillana",Gimnasio
All Star Fit Gimnasio,"Calle Isaac Peral 3
                                , Sanlúcar la Mayor","Gimnasio, Aparcamiento, Tienda deportiva"
WORKOUT CALISTENIA TOMARES,", Tomares",Gimnasio
ALIAD SPORT,"Calle Albardoneros 4
                                , Carmona",Gimnasio
Zeta-Gym,"Av. de Sevilla 94
                                , Los Palacios y Villafranca",Gimnasio
Salud Sport Club,"Calle San José 11
                                , La Rinconada",Gimnasio
Hispano Fitness,"Av. Blas Infante 1
                                , Utrera",Gimnasio
Bodymastergym,"Av. Cristobal Colon 59
                                , Dos Hermanas",Gimnasio
Basic-Fit Sevilla Luis Montoto,"Calle Luis Montoto 132
                                , Sevilla","Gimnasio, Vestuarios"
YO10 Sport Club Sevilla,"C.C. Torre-Sevilla 2
                                , Sevilla","Actividades dirigidas, Entrenamientos personalizados, Piscina, Gimnasio, Aparcamiento, Vestuarios"
Trianasport gym,"Calle Castilla 161
                                , Sevilla","Gimnasio, Vestuarios"
BODYFIT CENTER,", San Juan de Aznalfarache","Actividades dirigidas, Pilates, Spinning, Gimnasio, Aparcamiento, Vestuarios, Sala Fitness"
Gimnasio Family Fitness,"Calle Alonso Carrillo 24
                                , Sevilla","Pilates, Gimnasio"
Brooklyn Fitboxing Aljarafe,", Mairena del Aljarafe","Step, Boxeo, Entrenamiento Funcional, Gimnasio, Vestuarios"
Fitness club San José,", La Rinconada","Servicio de nutrición y dietética, Piscina, Gimnasio, Vestuarios, Sala de spinning"
Gimnasio Low Cost Guerra,"Calle Juan Talavera Heredia 25
                                , Sevilla","Gimnasio, Vestuarios"
Gym Real,", Castilleja de la Cuesta",Gimnasio
New Radykal GYM,"Calle Portalegre 13
                                , Sevilla","Entrenamientos personalizados, Gimnasio"
Gimnasio en Sevilla | Gimnasio fitness world,"C. Estrella Sadir 1B
                                , Sevilla","Gimnasio, Vestuarios"
FuncionalFitcoria,"Toneleros 8
                                , Coria del Río","Actividades dirigidas, Spinning, Zumba, Gimnasio"
Quirosfera,"Calle San Miguel N 2
                                , Marchena",Gimnasio
ACM Gym,"Av. la Industria 23
                                , Sevilla","WiFi, Step, Yoga, Gimnasio, Vestuarios, Sala HBX"
Germano Sport,"Calle Macarena 38
                                , Sevilla","Gimnasio, Vestuarios"
AMPA GYM,"Av. de la Ermita 2
                                , La Rinconada",Gimnasio
ᴍʏGʏᴍ,"Calle Bolivia 0
                                , Sevilla","WiFi, Step, Yoga, Gimnasio, Vestuarios, Sala HBX"
Top Training Studio,"Calle Virgen de Begoña 1
                                , Sevilla","Gimnasio, Vestuarios"
Zinnia Sport,"Calle Félix Echegoyan 24
                                , Espartinas","CrossFit, Pilates, Spinning, Gimnasio, Vestuarios"
Revolution Training,"Neron 7
                                , Dos Hermanas","Pilates, Gimnasio"
Jayro,"Calle Antonio Casado 2
                                , Coria del Río","Spinning, Gimnasio, Vestuarios"
Cuidarte,"Calle Sierra Nte. 8
                                , Lora del Río",Gimnasio
Fitness City,"Av. del Barrerillo S/N
                                , Bormujos","Pilates, Gimnasio"
OKEYMAS Utrera,"Plaza Ximénez de Sandoval 2
                                , Utrera","Defensa Personal, Gimnasio, Vestuarios"
Polideportivo Universitario San Juan Bosco - Gimnasio Atlas,"Calle Salesianos 3
                                , Sevilla","Pistas de tenis, Pistas de pádel, Campos de fútbol, Gimnasio, Aparcamiento"
Alcores Padel Indoor,"C. Genil 3
                                , Mairena del Alcor","Pistas de pádel, Gimnasio"
Pistas de Paddle Vereda de las Cruces,"Vereda de Las Cruces 25
                                , Villanueva de San Juan",Gimnasio
Club Deportivo Olivar de Quintos,"C. Lupulo S/N
                                , Dos Hermanas","Clases de tenis, Piscina, Gimnasio, Bar-restaurante, Vestuarios"
Basic-Fit Sevilla San Juan De Aznalfarache CC Cavaleri,", San Juan de Aznalfarache","Gimnasio, Vestuarios"
Pabellón Alameda,"C. Buen Aire 16
                                , Morón de la Frontera",Gimnasio
CLUB DEPORTIVO DEHESA DEL REY,", Coria del Río","Gimnasio, Aparcamiento, Bar-restaurante"
Piscina San Jose,"C. Villaverde del Rio
                                , La Rinconada","Piscina, Gimnasio, Aparcamiento"
Origen Box Centro Fitness,"Camino la Depuradora nº 7
                                , Lebrija",Gimnasio
Inst. Deportiva La Cartuja,"Zona Isla de la Cartuja 22
                                , Santiponce",Gimnasio
OKEYMAS Gines,"Av. de la Industria s/n
                                , Gines","Gimnasio, Sala Fitness"
Pabellon Lora Del Rio,"Calle Cabo de Gata 24
                                , Lora del Río",Gimnasio
AOSSA Sport Carmona,"Calle Azafrán S/N
                                , Carmona","Vending, Fisioterapeuta deportivo, Servicio de taquillas, Piscina, Gimnasio, Zona infantil, Vestuarios, Jacuzzi"
Centro Deportivo Camas,"Calle Jaime I 1
                                , Camas",Gimnasio
Gimnasio Límite Gym,"Calle Cristóbal Colón 25
                                , Alcalá de Guadaíra",Gimnasio
El Bigotes Boxeo Sevilla,"Calle Huerto del Maestre 4
                                , Sevilla","Boxeo, Gimnasio"
La Fabrica 1.0,", Sevilla",Gimnasio
BODYGYM health club,"C. Alfareros 3
                                , Écija","Gimnasio, Bar-restaurante"
CLUB TAEKWONDO KORYA,"C. Tapadores 11
                                , Coria del Río",Gimnasio
Centro Deportivo Sthenos,"Islas Chafarinas 4
                                , Dos Hermanas",Gimnasio
Club Bernier,"C. Brasil s/n
                                , Gelves","Pistas de tenis, Pistas de pádel, Piscina, Gimnasio, Bar-restaurante"
CrossFit Taboo,"Av. Jerónimo de Aguilar 11
                                , Écija","CrossFit, GAP, Gimnasio"
Bull Fitness Gym,"C. Calígula 12
                                , Dos Hermanas",Gimnasio
Clínica de Fisioterapia Itálica en Santiponce,"Calle Scipión 6
                                , Santiponce","Fisioterapeuta deportivo, Yoga, Gimnasio"
Dáliathe Sport Gimnasio,", Carmona",Gimnasio
Fisio Sport,"Av. de Andalucia 163
                                , Dos Hermanas","Fisioterapeuta deportivo, Gimnasio"
Lowfit Dos Hermanas,"Av. de la Libertad 5
                                , Dos Hermanas","Actividades dirigidas, Entrenamientos personalizados, Piscina, Gimnasio, Aparcamiento, Vestuarios"
Areafit® Aleste,"C. Periodista José Antonio Garmendia 3
                                , Sevilla","Gimnasio, Vestuarios"
Basic-Fit Sevilla CC Vega del Rey,"Calle la Pañoleta 4
                                , Camas","Piscina, Gimnasio, Aparcamiento, Vestuarios"
Basic-Fit San Juan De Aznalfarache,"Poligono Sector 1. 2 2T
                                , San Juan de Aznalfarache","Servicio de taquillas, Actividades dirigidas, Entrenamientos personalizados, Gimnasio, Vestuarios"
Gym Piña,"Calle Federico García Lorca 27
                                , Casariche",Gimnasio
Obopadel,", Marchena","Pistas de pádel, Gimnasio"
Gym Aerosport,"Calle Playa de las Cantera 44
                                , La Algaba","Spinning, Entrenamiento Funcional, Gimnasio"
Pabellon Bormujos,"C. José Luis Caro 16
                                , Bormujos",Gimnasio
Elite Fitness Carmona,"Calle Cibeles 16
                                , Carmona","Spinning, Gimnasio"
AlpodiuM,"Av. de España 165
                                , Dos Hermanas","Entrenamientos personalizados, Gimnasio"
Gimnasio Martin De La Jara,"Av. los Almendrillos 78
                                , Martín de la Jara",Gimnasio
Pista de atletismo Rafael Curado,", Los Palacios y Villafranca",Gimnasio
Villa Angela,", Lebrija",Gimnasio
Real Círculo de Labradores y Propietarios de Sevilla,"C. Juan Sebastián Elcano 1
                                , Sevilla","Pistas de pádel, Pistas de pickleball, Piscina, Gimnasio, Bar-restaurante"
Lowfit Aljarafe,"Calle Cañada de los Negreros s/n
                                , Castilleja de la Cuesta","Actividades dirigidas, Entrenamientos personalizados, Gimnasio, Aparcamiento, Vestuarios"
SADUS - Servicio de Actividades Deportivas de la Universidad de Sevilla (Bermejales),"Av. Dinamarca
                                , Sevilla","Pistas de tenis, Piscina, Gimnasio, Vestuarios"
Freedom Fitness,"Calle Luxemburgo 5
                                , Sevilla","Pilates, Yoga, Cross Training, Gimnasio, Vestuarios"
Gimnasio NewFit,"Calle Romera 11
                                , Dos Hermanas","Aquagym, Fisioterapeuta deportivo, Actividades dirigidas, Gimnasio, Vestuarios, Sala de spinning"
Planet Gym Tomares,"Av. del Aljarafe 14
                                , Tomares","Aquagym, Step, Body Pump, Piscina, Gimnasio, Vestuarios, Zona funcional, Sala de spinning"
Centro Deportivo Hispano Aviación,"Plaza del Monte Pirolo
                                , Sevilla","Gimnasio, Vestuarios"
Polideportivo Arahal,"Calle Santísima Trinidad
                                , Arahal",Gimnasio
Centro Deportivo San Pablo Fútbol,"C. Tesalónica
                                , Sevilla",Gimnasio
Santanas Padel Courts,"C. Nicolás Copérnico
                                , La Rinconada","Pistas de pádel, Gimnasio"
Centro Deportivo Los Montecillos,"C. las Botijas 31C
                                , Dos Hermanas","Piscina, Gimnasio, Pistas de atletismo"
Polideportivo Municipal Tocina/Los Rosales.,"Ctra. Tocina los Rosales 2
                                , Tocina","Piscina, Gimnasio"
CD Elite Fitness,"Av. Juan Pablo II
                                , Bollullos de la Mitación","Servicio de taquillas, Body Pump, HIIT, Gimnasio, Vestuarios"
Pabellon Cubierto Las Cabezas De San Juan,"Calle Chipiona 2
                                , Las Cabezas de San Juan","Gimnasio, Pistas de voleibol, Pistas de voley playa"
Mítica Sport,"Calle Rafael Alberti 3
                                , La Algaba",Gimnasio
AD Mosqueo,"Av de las Marismas
                                , Los Palacios y Villafranca",Gimnasio
Seven Gym,"Av. Parsi 5
                                , Sevilla",Gimnasio
Unlimited GYM,"Calle Lechin 10
                                , Marchena",Gimnasio
Club Deportivo CDAKYO,"Calle Martín Ruiz 36
                                , Camas","Kick-boxing, Spinning, Gimnasio"
Curves Sevilla Porvenir,"Calle Diego de la Barrera 16
                                , Sevilla",Gimnasio
McFit Tomares,"P.C. Aljarafe. Av. del Manchón, s/n
                                , Tomares","Actividades dirigidas, Gimnasio, Vestuarios"
Campo Municipal U.D. Dos Hermanas,", Dos Hermanas",Gimnasio
Polideportivo San Pablo,"Calle Dr. Laffon Soto s/n
                                , Sevilla","Aerobic, Pistas de pádel, Piscina, Gimnasio, Aparcamiento, Vestuarios"
"Centro Social, Deportivo y Cultural Las Portadas","C. Gravelinas
                                , Dos Hermanas","Piscina, Gimnasio"
Fitness Scola Sport,"Via de la Plata 13
                                , Dos Hermanas",Gimnasio
Campo de Fútbol Jozabed Sánchez Ruiz,"C. Vicente Aleixandre s/n
                                , Mairena del Alcor","Campos de fútbol, Gimnasio"
Padel 2 Montequinto,", Dos Hermanas","Pistas de pádel, Piscina, Gimnasio"
Pistas Futbol 7 /Padel,"C. Huerta Grande 64
                                , Alcalá del Río","Pistas de pádel, Gimnasio"
Padel CIUDAD EXPO,", Mairena del Aljarafe","Pistas de pádel, Gimnasio"
Gym Atlantisport,"Calle Cruz 83
                                , Osuna","Gimnasio, Sala HBX"
Cris Global Salud,"Calle San Juan de Dios 16
                                , Sevilla",Gimnasio
Lowfit Sevilla Este,"Avenida Alcalde Luis Uruñuela, s/n
                                , Sevilla","Actividades dirigidas, Entrenamientos personalizados, Gimnasio, Aparcamiento, Vestuarios"
Match Point Sevilla Fitness y pádel,"C. Vía Apia 24
                                , Dos Hermanas","Clases de pádel, Entrenamientos personalizados, Entrenamiento Funcional, Pistas de pádel, Pistas de squash, Gimnasio, Vestuarios, Sauna"
Areafit® Cuesta del Rosario,"Cuesta del Rosario 8
                                , Sevilla","BodyCombat, Step, BodyBalance, Gimnasio, Zona infantil, Vestuarios, Ludoteca, Sala de spinning"
Sevilla Gym,"Calle Amor de Dios 35
                                , Sevilla","WiFi, Actividades dirigidas, Step, Gimnasio, Vestuarios, Sala HBX"
Club De Campo Sevilla Entrada,", La Rinconada","Piscina, Gimnasio"
Personal Trainer Sevilla,"Av. de Diego Martínez Barrio 8
                                , Sevilla","TRX, Entrenamientos personalizados, Gimnasio, Vestuarios"
Pabellón Municipal de Deportes,"Calle Manuel Canela 22
                                , Gines","Judo, Gimnasio"
Pabellón deportivo,"Calle San José de Calasanz 7
                                , Osuna",Gimnasio
ALLBODY,"Calle Mairena 46
                                , Alcalá de Guadaíra",Gimnasio
Poligono Industruial Los Olivos,"Calle Laurel 4
                                , Santiponce",Gimnasio
Du&Que Sport Gym,", Villanueva del Río y Minas",Gimnasio
Capoeira en Sevilla,"Av. Pintor Ocaña 43
                                , Cantillana",Gimnasio
Área de Deportes. Ayuntamiento de Tocina,"C. 28 de Febrero 4""N
                                , La Rinconada",Gimnasio
Dorian,", Lora del Río",Gimnasio
Centro Deportivo Viding La Rosaleda,"Calle Maestro Solano s/n
                                , Sevilla","Fisioterapeuta deportivo, Servicio de nutrición y dietética, Actividades dirigidas, Piscina, Gimnasio, Aparcamiento, Bar-restaurante, Vestuarios"
Dreamfit Sevilla Alcampo,"Av. Ronda del Tamarguillo, 27
                                , Sevilla","Fisioterapeuta deportivo, Servicio de nutrición y dietética, Actividades dirigidas, Gimnasio, Spa, Aparcamiento, Vestuarios, Sauna"
Lowfit Viapol,"Calle Pirotecnia s/n
                                , Sevilla","Actividades dirigidas, Entrenamientos personalizados, Gimnasio, Aparcamiento, Vestuarios"
Centro Deportivo Tiro de Línea,", Sevilla","Servicio de taquillas, Piscina, Gimnasio, Vestuarios"
Centro Deportivo Santa Justa Fútbol,", Sevilla",Gimnasio
Cartuja Club,", Sevilla","Pilates, Yoga, Gimnasio, Vestuarios"
Gimnasio Iron Works,"Calle Medina y Galnares 84
                                , Sevilla","Gimnasio, Vestuarios"
Natural Body Fit | Electroestimulación Y Electrofitness | Entrenamiento Personal|Manicura y Pedicura,"Av. de Miraflores 38
                                , Sevilla","Entrenamientos personalizados, Gimnasio"
Electrofit Sevilla,"Calle Eufrates 8
                                , Sevilla",Gimnasio
Centro deportivo La Venta,"Calle Villamartín
                                , Arahal","Piscina, Gimnasio"
Gym Enforma,"Calle Ramón del Valle Inclán 21A
                                , Arahal",Gimnasio
La Doctora Padel,"C. las Navas 4
                                , Sevilla","Pistas de pádel, Gimnasio, Aparcamiento"
GLOBAL YOGA TOMARES,"C. los Naranjos 1A
                                , Tomares","Yoga, Gimnasio"
Centro Deportivo Pino Montano,"C. Cortijo de las Casillas s/n
                                , Sevilla","Gimnasio, Aparcamiento"
Piscina bellavista,", Sevilla","Piscina, Gimnasio, Vestuarios"
Centro Social y Deportivo Vistazul,"C. Nelson Mandela 42
                                , Dos Hermanas","Piscina, Gimnasio"
Centro Municipal Acuático Deportivo,"C. Arona
                                , Dos Hermanas",Gimnasio
WORLDFITJR,"Av. del Genil 1
                                , Écija",Gimnasio
Complejo Polideportivo Raúl Fernández Pavón,"Av. Sevilla 57
                                , Brenes",Gimnasio
C.C. Los Carteros,"Av. de Pino Montano 31
                                , Sevilla",Gimnasio
Escuela De Tae Kwon Do Mairena Del Aljarafe,", Mairena del Aljarafe",Gimnasio
"Pabellón Municipal de Gerena "" Manuel Santos García""","C. del Ferrocarril S/N
                                , Gerena","Piscina, Gimnasio"
Centro Deportivo San Luis,"C. San Luis 29
                                , Sevilla",Gimnasio
Centro Supera 24 horas Sevilla Génova,"Calle Génova 6
                                , Sevilla",Gimnasio
Go Fit Sevilla,"Calle José Laguillo
                                , Sevilla","Servicio de nutrición y dietética, Actividades dirigidas, Step, Pistas de pádel, Piscina, Gimnasio, Spa, Aparcamiento"
Supraljarafe,"Plaza Pdte. Rafael Escuredo 1
                                , Umbrete","Clases de tenis, Clases de pádel, Pilates, Pistas de pádel, Piscina, Gimnasio, Spa, Cafetería"
Enjoy! San Bernardo,"Av. de Cádiz
                                , Sevilla","Clases de tenis, Clases de pádel, BodyCombat, Piscina, Gimnasio, Zona infantil, Vestuarios, Sauna"
Centro Deportivo Bellavista,"C. Gaspar Calderas S/N
                                , Sevilla","Piscina, Gimnasio, Vestuarios"
Hammer Fitness,"Calle Gramil 1
                                , Sevilla","Gimnasio, Vestuarios"
Centro Deportivo Viding Piscinas Sevilla,"Av. de la Ciudad Jardín s/n
                                , Sevilla","Fisioterapeuta deportivo, Servicio de nutrición y dietética, Actividades dirigidas, Piscina, Gimnasio, Bar-restaurante, Vestuarios, Jacuzzi"
Centro Supera Sevilla Centro Deportivo Supera Guadalquivir,"Calle Mar del Plata s/n
                                , Sevilla","Actividades dirigidas, Step, Entrenamientos personalizados, Pistas de pádel, Piscina, Gimnasio, Spa, Aparcamiento"
Forus Sevilla,"Calle Crédito 3
                                , Sevilla","Escuela de natación, Piscina, Gimnasio, Vestuarios"
Centro Deportivo Rochelambert,"Av. Doña Francisquita 5
                                , Sevilla","Piscina, Gimnasio, Vestuarios"
Polideportivo Municipal 1 de Mayo,"Av. Cuesta de Cross S/N
                                , San Juan de Aznalfarache","Piscina, Gimnasio, Vestuarios"
Synergym Sevilla Nervión,"Calle Benito Mas y Prat, 8
                                , Sevilla","Actividades dirigidas, Body Balance, Body Pump, Gimnasio, Vestuarios"
Pabellón de Deportes Rafa Baena,"C. Dehesa 50
                                , Estepa","Piscina, Gimnasio"
Centro Deportivo Valdezorras,"C. Vereda de Poco Aceite
                                , Sevilla","Campos de fútbol, Gimnasio"
DXT10,"C. María Auxiliadora S/N
                                , Morón de la Frontera","Pistas de pádel, Gimnasio"
Importaciones Mugar,", Tomares",Gimnasio
nado libre,"Calle Sgto. Manuel Olmo Sánchez 8
                                , Sevilla",Gimnasio
"Polideportivo municipal Francisco Sánchez ""Castañita""","C. Galileo Galilei 45
                                , La Rinconada","Piscina, Gimnasio"
Pabellón Santa Lucía,"Av. Piedra del Gallo s/n
                                , El Viso del Alcor",Gimnasio
Piscina Municipal Cubierta,"C. Rafael Alberti 155
                                , Casariche","Piscina, Gimnasio"
Pabellon Pilas,"Av. Reina de las Marismas 20
                                , Pilas",Gimnasio
Campo Fútbol Antonio Rojas,"C. Alicante 50
                                , Mairena del Aljarafe","Campos de fútbol, Gimnasio"
Gimnasio Asociación de vecinos Los Andes,"C. Bolivia 15
                                , Sevilla","HIIT, Spinning, Gimnasio"
Club Deportivo Fit in,"Calle Artesanía 9
                                , Mairena del Aljarafe",Gimnasio
Lowgym Mairena,"Calle Desarrollo 29
                                , Mairena del Aljarafe",Gimnasio
CD ALCOSA - Gimnasio,", Sevilla",Gimnasio
Curves Macarena Centro,"Calle Aceituno 6
                                , Sevilla","Zumba, Gimnasio, Vestuarios"
MAXIMUN SPORT,"Calle Dr. Marcelo del Río 2
                                , Tocina",Gimnasio
Roco Patio Arahal,"Calle Juan Pérez
                                , Arahal",Gimnasio
Centro Supera Sevilla Centro Deportivo Supera Entrepuentes,"Calle Cueva de la Pileta s/n
                                , Sevilla","Actividades dirigidas, Step, Entrenamientos personalizados, Pistas de pádel, Piscina, Gimnasio, Spa, Aparcamiento"
Aeris Sport,"Av. María Auxiliadora
                                , Utrera",Gimnasio
Parquing Club Social Ciudad Expo,"Calle Marco Polo 16
                                , Mairena del Aljarafe","Gimnasio, Aparcamiento"
Pruebas fisicas Vs,"Ctra. Gelves 199
                                , San Juan de Aznalfarache",Gimnasio
Club Deportivo Nudion 30,"C. Flor de Retama 0
                                , Sevilla","CrossFit, Actividades dirigidas, Aerobox, Campos de fútbol, Campos de baloncesto, Piscina, Gimnasio, Vestuarios"
MaxGym,"Calle Castilblanco de los Arroyos 1
                                , Mairena del Aljarafe","Gimnasio, Aparcamiento, Vestuarios"
Lowgym Tomares,"Av. del Aljarafe 3
                                , Tomares","Actividades dirigidas, Gimnasio, Vestuarios"
McFit Sevilla Santa Justa,"C.C. Mirador de Santa Justa, Av. Kansas City s/n
                                , Sevilla","Actividades dirigidas, Gimnasio, Vestuarios"
Galisport Happiness Club,"Cardenal Bueno Monreal s/n
                                , Sevilla","Aquagym, Fisioterapeuta deportivo, Servicio de nutrición y dietética, Piscina, Gimnasio, Aparcamiento, Vestuarios"
Centro Deportivo Sevilla Este padel,"Av. del Deporte s/n
                                , Sevilla","Pistas de pádel, Gimnasio"
Cuesta sport,"Calle Almte. Espinosa 5a
                                , Sevilla","Step, Body Pump, Pilates, Gimnasio, Vestuarios, Sauna"
Club Metropolitan Sevilla,"Avda. Eduardo Dato, 49
                                , Sevilla","Tonificación, Actividades dirigidas, Escuela de natación, Piscina, Gimnasio, Spa, Solarium, Sala Fitness"
VivaGym Los Remedios Sevilla,"Avda. República Argentina, 27
                                , Sevilla","Actividades dirigidas, Step, TRX, Gimnasio, Aparcamiento, Sala de spinning, Sala de cardio"
BeWay Sport Center,"C. Argos 13
                                , Sevilla","Entrenamientos personalizados, Gimnasio"
Planet Gym Sport Sociedad de Responsabilidad Limitada Laboral.,", Bormujos",Gimnasio
TRYON Innovative Fitness Solutions,"Calle Artesanía 8
                                , Gelves",Gimnasio
Centro Deportivo Altea,"Av. Santa Lucía 59
                                , Alcalá de Guadaíra",Gimnasio
Alma Sport Center,"C. Darro 37
                                , Lebrija",Gimnasio
Pabellón Cubierto Municipal,"C. Ramón y Cajal 37
                                , Valencina de la Concepción",Gimnasio
Polideportivo Los Montecillos,"Cl. Meñaca 6
                                , Dos Hermanas","Gimnasio, Aparcamiento"
Centro Deportivo Entreflores,"C. Flor de Retama 4
                                , Sevilla",Gimnasio
Pabellón Polideportivo Cavalieri,"Av. de la Constitución s/n
                                , Mairena del Aljarafe","Escuela de natación, Gimnasio, Pistas polideportivas"
Centro Deportivo Fili Pino Montano,"Calle Corral de los Olmos
                                , Sevilla","Piscina, Gimnasio, Vestuarios, Sala Fitness"
Hispano Happiness Club,"C. Ignacio Gómez Millán s/n
                                , Sevilla","Servicio de taquillas, Piscina, Gimnasio, Vestuarios, Jacuzzi, Sauna"
Campo santiponce,"Av. Rocío Vega 12
                                , Santiponce",Gimnasio
Cantillana Padel,"Calle Azahar
                                , Cantillana","Pistas de pádel, Gimnasio"
Pistas deportivas zona Hiconsa Camas,"Parque Montaña C
                                , Camas","Pistas de pádel, Campos de fútbol, Gimnasio"
Street Workout Lora del Río,", Lora del Río","Campos de fútbol, Gimnasio"
Padel Camas,"Calle de Joaquín Camino 21
                                , Camas","Pistas de pádel, Gimnasio"
Centro Deportivo Amate,"Av. la Revoltosa s/n
                                , Sevilla","Pistas de pádel, Gimnasio, Aparcamiento"
Centro deportivo las almenas,", Sevilla",Gimnasio
Campo Municipal De Fútbol,"C. Rafael Alberti 155
                                , Casariche","Gimnasio, Pistas de atletismo, Vestuarios"
"Centro Deportivo Antonio Alvarez Gordón ""Tejares""","Rda. de Triana 5
                                , Sevilla",Gimnasio
Centro Deportivo San Jerónimo Puente,"Calle Medina y Galnares
                                , Sevilla","Gimnasio, Aparcamiento"
Pabellón Vistalegre,"Ctra. Utrera-los Palacios 5
                                , Utrera",Gimnasio
Piscina Mairena Del Aljarafe,", Mairena del Aljarafe","Piscina, Gimnasio"
Vivagym Dos Hermanas,"Av. Ing. José Luis Prats
                                , Dos Hermanas","Actividades dirigidas, Step, TRX, Gimnasio, Aparcamiento, Sala de spinning, Sala de cardio"
Centro Deportivo Ifni,"C. Ifni 1
                                , Sevilla",Gimnasio
Caseta Municipal Villanueva Del Ariscal,"Av. de la Cabalgata de los Reyes Magos 1
                                , Villanueva del Ariscal",Gimnasio
Campo de fútbol Cantarrana,"C. Cañaverales 1A
                                , La Puebla del Río","Campos de fútbol, Gimnasio, Aparcamiento"
Pádel Sport Olivares,"C. el Palomar nº8
                                , Olivares","Pistas de pádel, Gimnasio"
Parque La Rosaleda,", Sevilla","Servicio de taquillas, Pistas de pádel, Piscina, Gimnasio, Aparcamiento, Vestuarios"
Instalaciones deportivas municipales Zona Centro,"Calle de Joaquín Camino 2
                                , Camas",Gimnasio
Ociosur Pilas ELIMINAR,"P.º los Almendros 31
                                , Pilas","Piscina, Gimnasio"
Pabellón Municipal de Deportes 'Muriel Bujalance Leal',", Gelves",Gimnasio
Pabellon Municipal Nero,"C. Fresno
                                , El Viso del Alcor",Gimnasio
Gym Budo Senshi,"C. Bruselas
                                , Villanueva del Ariscal","Gimnasio, Pistas polideportivas"
Padelball,"C. Lepanto 5
                                , Bollullos de la Mitación","Clases de pádel, Pistas de pádel, Gimnasio"
Polideportivo Palomares,"C. Amapolas 39
                                , Palomares del Río",Gimnasio
Body Perfect Sevilla,"P.º de Cristóbal Colón 5
                                , Sevilla",Gimnasio
McFit Sevilla Este,"C.C.Zona Este. Gta.Palacio de Congresos, s/n
                                , Sevilla","Actividades dirigidas, Gimnasio, Vestuarios"
Centro Deportivo Bami,"C. Luis Rosales S/N
                                , Sevilla","Pistas de pádel, Gimnasio"
Pabellón Cubierto Antonio García Martínez,"Av. Juan de Mairena s/n
                                , Mairena del Alcor",Gimnasio
Complejo Deportivo Municipal de Ramón y Cajal,"C. Tirso de Molina 11
                                , Dos Hermanas",Gimnasio
Polideportivo Municipal Francisco León,"Av. Mariana de Pineda 1
                                , Mairena del Aljarafe",Gimnasio
Gym Esther,"C. Gramil
                                , Sevilla",Gimnasio
Gym Online Sevilla con Mykola Diachuk,"Calle Cano y Cueto 2
                                , Sevilla",Gimnasio
Gallardo Personal Trainer,"Calle Osaka número 19
                                , Sevilla","Entrenamientos personalizados, Gimnasio"
Entrenador Personal Sevilla OnlineMykola Diachuk,"Plaza la Fuente 16
                                , Sevilla",Gimnasio
SeMiEntrenador,"Calle Bami
                                , Sevilla",Gimnasio
Gimnasio Online Sevilla Entrenador personal,"Ctra. Su Eminencia 2b
                                , Sevilla","Gimnasio, Vestuarios"
FIT3OX,"Av. San José 17
                                , Gines",Gimnasio
Chemi González,"Av. de la Industria 5
                                , Gelves",Gimnasio
Club Estevez,", Gelves",Gimnasio
Club de Boxeo Isidro,"Calle Mesones 23
                                , Marchena","Boxeo, Entrenamientos personalizados, Gimnasio"
Club Deportivo Rítmica Martia,"Calle Hostelería 33
                                , Marchena",Gimnasio
Body Center Fitness,", Paradas",Gimnasio
Masterfit Funcional Center,"Calle Haendel 28
                                , Arahal",Gimnasio
"Club Sato Sport, Mairena Aljarafe","Calle Manufactura 13
                                , Mairena del Aljarafe",Gimnasio
Cuerpos Fitt,"Calle José Monge Cruz Camarón de la Isla
                                , Tomares",Gimnasio
Columpios Biosaludables,"Calle Cornisa del Carambolo 15
                                , Camas",Gimnasio
Fitness Center Palace,"C. Manuel Esquivias 31
                                , Bormujos",Gimnasio
New Fitness RAW CrossFit,", Castilleja de la Cuesta","CrossFit, Gimnasio"
Sociedad Deportiva La Huerta Y la Atalaya,"C. Julio César 10
                                , Camas",Gimnasio
Fastlap gimnasio femenino,"C. Virgen del Valle 4
                                , Sevilla",Gimnasio
Clínica Cinética,"Gta. Fernando Quiñones, Edif. Centris, Pl 2, pta 14
                                , Tomares","Fisioterapeuta deportivo, Entrenamientos personalizados, Gimnasio"
Polideportivo de Sanlúcar la Mayor,"Av. Amancio Ortega 5
                                , Sanlúcar la Mayor",Gimnasio
Scorpio -Estudio aéreo-,"C. los Romeros de la Puebla 37
                                , La Puebla del Río",Gimnasio
Espacio Municipal Deportivo Ana Mesa Villa,", Coria del Río",Gimnasio
Centro Deportivo Parque de los Príncipes,"Sta. Fe
                                , Sevilla",Gimnasio
Natación Técnica,"C. Juan Sebastián Elcano 11
                                , Sevilla","Escuela de natación, Gimnasio"
Faerün CrossFit,"Av. de Sanlucar la Mayor 121
                                , Bollullos de la Mitación","CrossFit, Gimnasio"
CrossFit Urban Hero,"C. Pino Doncel 10
                                , Sevilla","CrossFit, Gimnasio"
Pistas Padel El Viso del Alcor,"Av. Piedra del Gallo 1
                                , El Viso del Alcor","Pistas de pádel, Gimnasio"
Asoc Deportiva y Cultural Augusto,"Calle Rafael Alberti
                                , La Algaba",Gimnasio
Finrs Zala,"Calle Margarita 1
                                , Brenes",Gimnasio
Rítmica Almar,"Calle Diamantino García 40
                                , Brenes",Gimnasio
Pilates,"Calle Clara Campoamor 47A
                                , Cantillana","Pilates, Gimnasio"
Zumba fitness,"Calle Mallorca 5
                                , Gelves","Zumba, Gimnasio"
Mmumm,"Calle Juan de Dios Soto 14
                                , Gines",Gimnasio
Salón multiusos,"Calle Sanatorio 7
                                , Gines",Gimnasio
center maidala,"Calle del Aire nº9
                                , Gines",Gimnasio
Estadio partido cordoba,"Av. del Deporte 2
                                , Gines",Gimnasio
Ciudad Deportiva Guillena,"Calle Huerto 34
                                , Guillena",Gimnasio
Gym Hato Verde,"Calle Manuel Piñero 81
                                , Guillena",Gimnasio
GIMNASIO MUNICIPAL LA SOLEDAD,"Calle Casares
                                , Pilas",Gimnasio
Gimnasio Training Center Alcalá de Henares villalbilla,", Alcalá de Guadaíra",Gimnasio
Pilates con máquinas,"Calle Miguel de Cervantes
                                , Martín de la Jara","Pilates, Gimnasio"
GMNASIO BOXSPORT JARA,"Calle la Teja
                                , Martín de la Jara",Gimnasio
Gimnasio Municipal Jacinto Ruiz,", La Roda de Andalucía",Gimnasio
Spining Barba Center,"Calle Clavellina 3
                                , Pedrera",Gimnasio
"Mini Pabellón Polideportivo ""Juan de Mesa""",", Tocina","Gimnasio, Pistas polideportivas"
Javier Perez,"Calle Dr. Laffon Soto s/n
                                , Sevilla",Gimnasio
A&M Wellness Entrenamientos Personalizados,", Sevilla","Entrenamientos personalizados, Gimnasio"
Entrenador Personal Coach Paco Sanclemente Personal Trainer,"Amistad 3
                                , Sevilla","Entrenamientos personalizados, Gimnasio"
Low Cost Fitness City S.l.,"Av. del Barrerillo 1
                                , Bormujos",Gimnasio
Club boxeo simarro,"Calle Dr. Fleming 18
                                , San Juan de Aznalfarache","Boxeo, Gimnasio"
Gustavo Adolfo Fernández Villagrán,"Av. Jerez 35
                                , Lebrija",Gimnasio
Gimnasio Nazau,"C. Bachiller 5
                                , Écija",Gimnasio
Sevilla Padel,"C. Éfeso 717
                                , Sevilla","Pistas de pádel, Gimnasio"
Pistas de Pádel Universidad Pablo de Olavide,"C. Miguel de Muzquiz
                                , Sevilla","Pistas de pádel, Gimnasio"
Caja Sol Dos Hermanas,"Cl. Meñaca 6
                                , Dos Hermanas",Gimnasio
Pistas de padel mairena,"C. Genil 4
                                , Mairena del Alcor","Pistas de pádel, Gimnasio"
PADEL EN LA RED GESTION SL,"Av. San Francisco Javier 24
                                , Sevilla","Pistas de pádel, Gimnasio"
Asoc Dep Centro Pilates Sevilla,"C. Alcazaba 11
                                , Bormujos","Pilates, Gimnasio"
Polideportivo Santa Lucia,"Av. Piedra del Gallo
                                , El Viso del Alcor",Gimnasio
Instalaciones deportivas Sporttia,"C. Huerta Grande 61
                                , Alcalá del Río",Gimnasio
Fernando Reina,"La Mogaba,48, Isaac Peral 9
                                , Gines",Gimnasio
Gimnasio Cuida tu cuepo,"C. Flor de Porcelana
                                , Sevilla",Gimnasio
Ensayo Bofeta,"C. Francisco Meneses 2A
                                , Sevilla",Gimnasio
FAT-CTTBI,"Dr. Miguel Ríos Sarmiento 136
                                , Sevilla",Gimnasio
PK Zona Nueva,"P.º de las Delicias 5
                                , Sevilla",Gimnasio
Gimnasio Vding S. Betnardo,"C. Prta de la Carne
                                , Sevilla",Gimnasio
Rincinada,"Calle OLMO 3
                                , La Rinconada",Gimnasio
Padel La Rinconada,"Calle Quinto Centenario 2
                                , La Rinconada","Pistas de pádel, Gimnasio"
Onlybarzzteam,", Los Palacios y Villafranca",Gimnasio
Globo De Core,"Calle Álvarez Quintero 93
                                , Los Palacios y Villafranca",Gimnasio
Urbanworks S L,"Calle Manufactura 13
                                , Mairena del Aljarafe",Gimnasio
Campo los Alcolres,"Calle San Isidro Labrador 67
                                , Mairena del Aljarafe",Gimnasio
Gasolinera Norpetrol,"Av. Extremadura 21
                                , Camas",Gimnasio
Cross Fit,"Calle Albadoneros 6
                                , Carmona","CrossFit, Gimnasio"
Pista carmona,"Diseminado Diseminados 2 382
                                , Carmona",Gimnasio
Monroygimq,"Calle Julián de Galo 14
                                , Mairena del Alcor",Gimnasio
Galisur Sport Sl,"Calle Ignacio Gómez Millán 0
                                , Sevilla","Gimnasio, Vestuarios"
Tododeporte-Arahalsur,"Calle Villamartín
                                , Arahal",Gimnasio
Asd Club Gimnasio Millán,"Calle Calderón de la Barca 9
                                , Utrera",Gimnasio
Carmen Aguilera Sánchez,"Calle de San Juan Bosco 98
                                , Utrera",Gimnasio
Elite Academia,"Calle de San Juan Bosco 31
                                , Utrera",Gimnasio
Energy Padel,"Av. de Blas Infante 68
                                , Coria del Río","Pistas de pádel, Gimnasio"
Bujinkan Coria del Rio,"C. Lila
                                , Coria del Río",Gimnasio
Pilates & Salud,"Av. de Andalucia 37
                                , Coria del Río","Pilates, Gimnasio"
"Módulo de Atletismo ""Yo Corro Por Borja""",", La Puebla del Río",Gimnasio
Ostippo Yoga Center,"C. Salvador Moreno Durán
                                , Estepa","Yoga, Gimnasio"
Yoga Y Pilates,"Av. de Andalucía
                                , Estepa","Pilates, Yoga, Gimnasio"
Tarotista Gloria,"C. Venta la Marquesa nº6
                                , Gines",Gimnasio
Academia la Tecla sl,"C. la Lamparilla 9
                                , Pilas",Gimnasio
Polígono El Manchón,"C. Algeciras 54
                                , Tomares",Gimnasio
Solosolarium,", Tomares","Gimnasio, Solarium"
